tablerows,tablesizekb,selectivity,tuplewidth,attrInPred,runtime,operator
1250000,5000,0.0,1,1,15602,branch
1250000,5000,0.05,1,1,23942,branch
1250000,5000,0.1,1,1,33258,branch
1250000,5000,0.15,1,1,42848,branch
1250000,5000,0.2,1,1,53435,branch
1250000,5000,0.25,1,1,63041,branch
1250000,5000,0.3,1,1,72786,branch
1250000,5000,0.35,1,1,82640,branch
1250000,5000,0.4,1,1,92107,branch
1250000,5000,0.45,1,1,101574,branch
1250000,5000,0.5,1,1,109326,branch
1250000,5000,0.55,1,1,116779,branch
1250000,5000,0.6,1,1,123428,branch
1250000,5000,0.65,1,1,130454,branch
1250000,5000,0.7,1,1,137701,branch
1250000,5000,0.75,1,1,145180,branch
1250000,5000,0.8,1,1,152059,branch
1250000,5000,0.85,1,1,160278,branch
1250000,5000,0.9,1,1,168908,branch
1250000,5000,0.95,1,1,176402,branch
1250000,5000,1.0,1,1,185510,branch
156250,5000,0.0,8,1,3194,branch
156250,5000,0.0,8,2,3085,branch
156250,5000,0.0,8,4,4193,branch
156250,5000,0.0,8,8,6090,branch
156250,5000,0.049984,8,1,3316,branch
156250,5000,0.049984,8,2,3920,branch
156250,5000,0.049984,8,4,5050,branch
156250,5000,0.049984,8,8,6970,branch
156250,5000,0.099968,8,1,4091,branch
156250,5000,0.099968,8,2,4725,branch
156250,5000,0.099968,8,4,5884,branch
156250,5000,0.099968,8,8,7744,branch
156250,5000,0.149952,8,1,5029,branch
156250,5000,0.149952,8,2,5619,branch
156250,5000,0.149952,8,4,6801,branch
156250,5000,0.149952,8,8,8662,branch
156250,5000,0.199936,8,1,5956,branch
156250,5000,0.199936,8,2,6578,branch
156250,5000,0.199936,8,4,7724,branch
156250,5000,0.199936,8,8,9599,branch
156250,5000,0.24991999999999998,8,1,7191,branch
156250,5000,0.24991999999999998,8,2,7664,branch
156250,5000,0.24991999999999998,8,4,8839,branch
156250,5000,0.24991999999999998,8,8,10738,branch
156250,5000,0.299904,8,1,8078,branch
156250,5000,0.299904,8,2,8748,branch
156250,5000,0.299904,8,4,9865,branch
156250,5000,0.299904,8,8,11771,branch
156250,5000,0.34988800000000003,8,1,9112,branch
156250,5000,0.34988800000000003,8,2,9851,branch
156250,5000,0.34988800000000003,8,4,11008,branch
156250,5000,0.34988800000000003,8,8,12963,branch
156250,5000,0.399872,8,1,10153,branch
156250,5000,0.399872,8,2,10963,branch
156250,5000,0.399872,8,4,12597,branch
156250,5000,0.399872,8,8,14548,branch
156250,5000,0.44985600000000003,8,1,11131,branch
156250,5000,0.44985600000000003,8,2,11986,branch
156250,5000,0.44985600000000003,8,4,13281,branch
156250,5000,0.44985600000000003,8,8,15284,branch
156250,5000,0.49983999999999995,8,1,12048,branch
156250,5000,0.49983999999999995,8,2,12922,branch
156250,5000,0.49983999999999995,8,4,14351,branch
156250,5000,0.49983999999999995,8,8,16187,branch
156250,5000,0.549824,8,1,12840,branch
156250,5000,0.549824,8,2,13848,branch
156250,5000,0.549824,8,4,15253,branch
156250,5000,0.549824,8,8,17117,branch
156250,5000,0.599808,8,1,13622,branch
156250,5000,0.599808,8,2,14673,branch
156250,5000,0.599808,8,4,16035,branch
156250,5000,0.599808,8,8,17958,branch
156250,5000,0.649792,8,1,14369,branch
156250,5000,0.649792,8,2,15486,branch
156250,5000,0.649792,8,4,16869,branch
156250,5000,0.649792,8,8,19041,branch
156250,5000,0.6997760000000001,8,1,15201,branch
156250,5000,0.6997760000000001,8,2,16326,branch
156250,5000,0.6997760000000001,8,4,17768,branch
156250,5000,0.6997760000000001,8,8,19890,branch
156250,5000,0.74976,8,1,16030,branch
156250,5000,0.74976,8,2,17099,branch
156250,5000,0.74976,8,4,18504,branch
156250,5000,0.74976,8,8,20557,branch
156250,5000,0.799744,8,1,16829,branch
156250,5000,0.799744,8,2,17906,branch
156250,5000,0.799744,8,4,19461,branch
156250,5000,0.799744,8,8,21452,branch
156250,5000,0.849728,8,1,17705,branch
156250,5000,0.849728,8,2,18852,branch
156250,5000,0.849728,8,4,20312,branch
156250,5000,0.849728,8,8,22385,branch
156250,5000,0.8997120000000001,8,1,18624,branch
156250,5000,0.8997120000000001,8,2,19755,branch
156250,5000,0.8997120000000001,8,4,21274,branch
156250,5000,0.8997120000000001,8,8,23302,branch
156250,5000,0.9496959999999999,8,1,19493,branch
156250,5000,0.9496959999999999,8,2,20679,branch
156250,5000,0.9496959999999999,8,4,22140,branch
156250,5000,0.9496959999999999,8,8,24259,branch
156250,5000,0.9996799999999999,8,1,20507,branch
156250,5000,0.9996799999999999,8,2,21630,branch
156250,5000,0.9996799999999999,8,4,22996,branch
156250,5000,0.9996799999999999,8,8,25235,branch
78125,5000,0.0,16,1,2095,branch
78125,5000,0.0,16,2,2072,branch
78125,5000,0.0,16,4,2609,branch
78125,5000,0.0,16,8,3559,branch
78125,5000,0.0,16,16,5537,branch
78125,5000,0.049984,16,1,2194,branch
78125,5000,0.049984,16,2,2526,branch
78125,5000,0.049984,16,4,3017,branch
78125,5000,0.049984,16,8,3963,branch
78125,5000,0.049984,16,16,5992,branch
78125,5000,0.099968,16,1,2667,branch
78125,5000,0.099968,16,2,2939,branch
78125,5000,0.099968,16,4,3454,branch
78125,5000,0.099968,16,8,4388,branch
78125,5000,0.099968,16,16,6431,branch
78125,5000,0.149952,16,1,3045,branch
78125,5000,0.149952,16,2,3384,branch
78125,5000,0.149952,16,4,3927,branch
78125,5000,0.149952,16,8,4943,branch
78125,5000,0.149952,16,16,6928,branch
78125,5000,0.199936,16,1,3511,branch
78125,5000,0.199936,16,2,3863,branch
78125,5000,0.199936,16,4,4366,branch
78125,5000,0.199936,16,8,5292,branch
78125,5000,0.199936,16,16,7389,branch
78125,5000,0.24991999999999998,16,1,3939,branch
78125,5000,0.24991999999999998,16,2,4279,branch
78125,5000,0.24991999999999998,16,4,4820,branch
78125,5000,0.24991999999999998,16,8,5762,branch
78125,5000,0.24991999999999998,16,16,7785,branch
78125,5000,0.299904,16,1,4457,branch
78125,5000,0.299904,16,2,4796,branch
78125,5000,0.299904,16,4,5335,branch
78125,5000,0.299904,16,8,6257,branch
78125,5000,0.299904,16,16,8401,branch
78125,5000,0.34988800000000003,16,1,4936,branch
78125,5000,0.34988800000000003,16,2,5288,branch
78125,5000,0.34988800000000003,16,4,5831,branch
78125,5000,0.34988800000000003,16,8,6777,branch
78125,5000,0.34988800000000003,16,16,8927,branch
78125,5000,0.399872,16,1,5472,branch
78125,5000,0.399872,16,2,5829,branch
78125,5000,0.399872,16,4,6642,branch
78125,5000,0.399872,16,8,7504,branch
78125,5000,0.399872,16,16,9569,branch
78125,5000,0.44985600000000003,16,1,5967,branch
78125,5000,0.44985600000000003,16,2,6452,branch
78125,5000,0.44985600000000003,16,4,6936,branch
78125,5000,0.44985600000000003,16,8,7870,branch
78125,5000,0.44985600000000003,16,16,9943,branch
78125,5000,0.49983999999999995,16,1,6402,branch
78125,5000,0.49983999999999995,16,2,6828,branch
78125,5000,0.49983999999999995,16,4,7424,branch
78125,5000,0.49983999999999995,16,8,8549,branch
78125,5000,0.49983999999999995,16,16,10693,branch
78125,5000,0.549824,16,1,6759,branch
78125,5000,0.549824,16,2,7307,branch
78125,5000,0.549824,16,4,7935,branch
78125,5000,0.549824,16,8,8831,branch
78125,5000,0.549824,16,16,10976,branch
78125,5000,0.599808,16,1,7073,branch
78125,5000,0.599808,16,2,7644,branch
78125,5000,0.599808,16,4,8255,branch
78125,5000,0.599808,16,8,9222,branch
78125,5000,0.599808,16,16,11231,branch
78125,5000,0.649792,16,1,7353,branch
78125,5000,0.649792,16,2,7974,branch
78125,5000,0.649792,16,4,8631,branch
78125,5000,0.649792,16,8,9633,branch
78125,5000,0.649792,16,16,11648,branch
78125,5000,0.6997760000000001,16,1,7691,branch
78125,5000,0.6997760000000001,16,2,8309,branch
78125,5000,0.6997760000000001,16,4,8962,branch
78125,5000,0.6997760000000001,16,8,10018,branch
78125,5000,0.6997760000000001,16,16,12060,branch
78125,5000,0.74976,16,1,8061,branch
78125,5000,0.74976,16,2,8704,branch
78125,5000,0.74976,16,4,9415,branch
78125,5000,0.74976,16,8,10455,branch
78125,5000,0.74976,16,16,12486,branch
78125,5000,0.799744,16,1,8433,branch
78125,5000,0.799744,16,2,9056,branch
78125,5000,0.799744,16,4,9767,branch
78125,5000,0.799744,16,8,10846,branch
78125,5000,0.799744,16,16,13264,branch
78125,5000,0.849728,16,1,8789,branch
78125,5000,0.849728,16,2,9437,branch
78125,5000,0.849728,16,4,10378,branch
78125,5000,0.849728,16,8,11235,branch
78125,5000,0.849728,16,16,13261,branch
78125,5000,0.8997120000000001,16,1,9173,branch
78125,5000,0.8997120000000001,16,2,9896,branch
78125,5000,0.8997120000000001,16,4,10565,branch
78125,5000,0.8997120000000001,16,8,11671,branch
78125,5000,0.8997120000000001,16,16,13712,branch
78125,5000,0.9496959999999999,16,1,9512,branch
78125,5000,0.9496959999999999,16,2,10183,branch
78125,5000,0.9496959999999999,16,4,10967,branch
78125,5000,0.9496959999999999,16,8,12358,branch
78125,5000,0.9496959999999999,16,16,14822,branch
78125,5000,0.9996799999999999,16,1,10269,branch
78125,5000,0.9996799999999999,16,2,10697,branch
78125,5000,0.9996799999999999,16,4,11413,branch
78125,5000,0.9996799999999999,16,8,12658,branch
78125,5000,0.9996799999999999,16,16,14632,branch
2500000,10000,0.0,1,1,30725,branch
2500000,10000,0.05,1,1,50406,branch
2500000,10000,0.1,1,1,69692,branch
2500000,10000,0.15,1,1,90119,branch
2500000,10000,0.2,1,1,111597,branch
2500000,10000,0.25,1,1,131509,branch
2500000,10000,0.3,1,1,152333,branch
2500000,10000,0.35,1,1,174031,branch
2500000,10000,0.4,1,1,196589,branch
2500000,10000,0.45,1,1,218814,branch
2500000,10000,0.5,1,1,241655,branch
2500000,10000,0.55,1,1,264203,branch
2500000,10000,0.6,1,1,288088,branch
2500000,10000,0.65,1,1,313166,branch
2500000,10000,0.7,1,1,341168,branch
2500000,10000,0.75,1,1,365227,branch
2500000,10000,0.8,1,1,396918,branch
2500000,10000,0.85,1,1,424665,branch
2500000,10000,0.9,1,1,452825,branch
2500000,10000,0.95,1,1,482316,branch
2500000,10000,1.0,1,1,512606,branch
312500,10000,0.0,8,1,6435,branch
312500,10000,0.0,8,2,6368,branch
312500,10000,0.0,8,4,8535,branch
312500,10000,0.0,8,8,12288,branch
312500,10000,0.05,8,1,7347,branch
312500,10000,0.05,8,2,8490,branch
312500,10000,0.05,8,4,10662,branch
312500,10000,0.05,8,8,14370,branch
312500,10000,0.1,8,1,10416,branch
312500,10000,0.1,8,2,11793,branch
312500,10000,0.1,8,4,13087,branch
312500,10000,0.1,8,8,16771,branch
312500,10000,0.15,8,1,12448,branch
312500,10000,0.15,8,2,13812,branch
312500,10000,0.15,8,4,15797,branch
312500,10000,0.15,8,8,19519,branch
312500,10000,0.2,8,1,14789,branch
312500,10000,0.2,8,2,16146,branch
312500,10000,0.2,8,4,18151,branch
312500,10000,0.2,8,8,21819,branch
312500,10000,0.25,8,1,17180,branch
312500,10000,0.25,8,2,18968,branch
312500,10000,0.25,8,4,20764,branch
312500,10000,0.25,8,8,24388,branch
312500,10000,0.3,8,1,19501,branch
312500,10000,0.3,8,2,21092,branch
312500,10000,0.3,8,4,23128,branch
312500,10000,0.3,8,8,26824,branch
312500,10000,0.35,8,1,22017,branch
312500,10000,0.35,8,2,23568,branch
312500,10000,0.35,8,4,25652,branch
312500,10000,0.35,8,8,29508,branch
312500,10000,0.4,8,1,24534,branch
312500,10000,0.4,8,2,26140,branch
312500,10000,0.4,8,4,28333,branch
312500,10000,0.4,8,8,32012,branch
312500,10000,0.45,8,1,26850,branch
312500,10000,0.45,8,2,28691,branch
312500,10000,0.45,8,4,30804,branch
312500,10000,0.45,8,8,34533,branch
312500,10000,0.5,8,1,29205,branch
312500,10000,0.5,8,2,30941,branch
312500,10000,0.5,8,4,33226,branch
312500,10000,0.5,8,8,36784,branch
312500,10000,0.55,8,1,31084,branch
312500,10000,0.55,8,2,33015,branch
312500,10000,0.55,8,4,35219,branch
312500,10000,0.55,8,8,39240,branch
312500,10000,0.6,8,1,33066,branch
312500,10000,0.6,8,2,35087,branch
312500,10000,0.6,8,4,37459,branch
312500,10000,0.6,8,8,42883,branch
312500,10000,0.65,8,1,34825,branch
312500,10000,0.65,8,2,36817,branch
312500,10000,0.65,8,4,39163,branch
312500,10000,0.65,8,8,43135,branch
312500,10000,0.7,8,1,36991,branch
312500,10000,0.7,8,2,39446,branch
312500,10000,0.7,8,4,41087,branch
312500,10000,0.7,8,8,45662,branch
312500,10000,0.75,8,1,38780,branch
312500,10000,0.75,8,2,40775,branch
312500,10000,0.75,8,4,43016,branch
312500,10000,0.75,8,8,47180,branch
312500,10000,0.8,8,1,41058,branch
312500,10000,0.8,8,2,42996,branch
312500,10000,0.8,8,4,45332,branch
312500,10000,0.8,8,8,49251,branch
312500,10000,0.85,8,1,42752,branch
312500,10000,0.85,8,2,44777,branch
312500,10000,0.85,8,4,47319,branch
312500,10000,0.85,8,8,51620,branch
312500,10000,0.9,8,1,45098,branch
312500,10000,0.9,8,2,46963,branch
312500,10000,0.9,8,4,49460,branch
312500,10000,0.9,8,8,53803,branch
312500,10000,0.95,8,1,46760,branch
312500,10000,0.95,8,2,48416,branch
312500,10000,0.95,8,4,51277,branch
312500,10000,0.95,8,8,55593,branch
312500,10000,1.0,8,1,49264,branch
312500,10000,1.0,8,2,51115,branch
312500,10000,1.0,8,4,53792,branch
312500,10000,1.0,8,8,58349,branch
156250,10000,0.0,16,1,4856,branch
156250,10000,0.0,16,2,4442,branch
156250,10000,0.0,16,4,5465,branch
156250,10000,0.0,16,8,7380,branch
156250,10000,0.0,16,16,11333,branch
156250,10000,0.049984,16,1,4890,branch
156250,10000,0.049984,16,2,5383,branch
156250,10000,0.049984,16,4,6302,branch
156250,10000,0.049984,16,8,8135,branch
156250,10000,0.049984,16,16,12133,branch
156250,10000,0.099968,16,1,5739,branch
156250,10000,0.099968,16,2,6297,branch
156250,10000,0.099968,16,4,7289,branch
156250,10000,0.099968,16,8,9103,branch
156250,10000,0.099968,16,16,13221,branch
156250,10000,0.149952,16,1,6819,branch
156250,10000,0.149952,16,2,7460,branch
156250,10000,0.149952,16,4,8433,branch
156250,10000,0.149952,16,8,10238,branch
156250,10000,0.149952,16,16,14261,branch
156250,10000,0.199936,16,1,8035,branch
156250,10000,0.199936,16,2,8823,branch
156250,10000,0.199936,16,4,9732,branch
156250,10000,0.199936,16,8,11492,branch
156250,10000,0.199936,16,16,15511,branch
156250,10000,0.24991999999999998,16,1,9362,branch
156250,10000,0.24991999999999998,16,2,10169,branch
156250,10000,0.24991999999999998,16,4,11036,branch
156250,10000,0.24991999999999998,16,8,12854,branch
156250,10000,0.24991999999999998,16,16,16817,branch
156250,10000,0.299904,16,1,10592,branch
156250,10000,0.299904,16,2,11462,branch
156250,10000,0.299904,16,4,12345,branch
156250,10000,0.299904,16,8,14264,branch
156250,10000,0.299904,16,16,19232,branch
156250,10000,0.34988800000000003,16,1,11837,branch
156250,10000,0.34988800000000003,16,2,12720,branch
156250,10000,0.34988800000000003,16,4,13656,branch
156250,10000,0.34988800000000003,16,8,15382,branch
156250,10000,0.34988800000000003,16,16,19354,branch
156250,10000,0.399872,16,1,13085,branch
156250,10000,0.399872,16,2,14117,branch
156250,10000,0.399872,16,4,14825,branch
156250,10000,0.399872,16,8,16722,branch
156250,10000,0.399872,16,16,20689,branch
156250,10000,0.44985600000000003,16,1,14172,branch
156250,10000,0.44985600000000003,16,2,15025,branch
156250,10000,0.44985600000000003,16,4,16094,branch
156250,10000,0.44985600000000003,16,8,17901,branch
156250,10000,0.44985600000000003,16,16,22026,branch
156250,10000,0.49983999999999995,16,1,15104,branch
156250,10000,0.49983999999999995,16,2,15933,branch
156250,10000,0.49983999999999995,16,4,16998,branch
156250,10000,0.49983999999999995,16,8,18894,branch
156250,10000,0.49983999999999995,16,16,22973,branch
156250,10000,0.549824,16,1,16075,branch
156250,10000,0.549824,16,2,16978,branch
156250,10000,0.549824,16,4,18063,branch
156250,10000,0.549824,16,8,19903,branch
156250,10000,0.549824,16,16,23884,branch
156250,10000,0.599808,16,1,17026,branch
156250,10000,0.599808,16,2,17893,branch
156250,10000,0.599808,16,4,18934,branch
156250,10000,0.599808,16,8,21005,branch
156250,10000,0.599808,16,16,24735,branch
156250,10000,0.649792,16,1,17925,branch
156250,10000,0.649792,16,2,18717,branch
156250,10000,0.649792,16,4,19861,branch
156250,10000,0.649792,16,8,21955,branch
156250,10000,0.649792,16,16,25710,branch
156250,10000,0.6997760000000001,16,1,18772,branch
156250,10000,0.6997760000000001,16,2,19956,branch
156250,10000,0.6997760000000001,16,4,20683,branch
156250,10000,0.6997760000000001,16,8,22744,branch
156250,10000,0.6997760000000001,16,16,27095,branch
156250,10000,0.74976,16,1,19464,branch
156250,10000,0.74976,16,2,20671,branch
156250,10000,0.74976,16,4,21736,branch
156250,10000,0.74976,16,8,24084,branch
156250,10000,0.74976,16,16,27770,branch
156250,10000,0.799744,16,1,20453,branch
156250,10000,0.799744,16,2,21575,branch
156250,10000,0.799744,16,4,22976,branch
156250,10000,0.799744,16,8,25118,branch
156250,10000,0.799744,16,16,29350,branch
156250,10000,0.849728,16,1,21498,branch
156250,10000,0.849728,16,2,22589,branch
156250,10000,0.849728,16,4,23621,branch
156250,10000,0.849728,16,8,25778,branch
156250,10000,0.849728,16,16,30016,branch
156250,10000,0.8997120000000001,16,1,22652,branch
156250,10000,0.8997120000000001,16,2,23562,branch
156250,10000,0.8997120000000001,16,4,24630,branch
156250,10000,0.8997120000000001,16,8,26814,branch
156250,10000,0.8997120000000001,16,16,30832,branch
156250,10000,0.9496959999999999,16,1,23657,branch
156250,10000,0.9496959999999999,16,2,24817,branch
156250,10000,0.9496959999999999,16,4,25753,branch
156250,10000,0.9496959999999999,16,8,28335,branch
156250,10000,0.9496959999999999,16,16,32453,branch
156250,10000,0.9996799999999999,16,1,24517,branch
156250,10000,0.9996799999999999,16,2,26007,branch
156250,10000,0.9996799999999999,16,4,26510,branch
156250,10000,0.9996799999999999,16,8,28998,branch
156250,10000,0.9996799999999999,16,16,33450,branch
5000000,20000,0.0,1,1,61571,branch
5000000,20000,0.05,1,1,106187,branch
5000000,20000,0.1,1,1,147511,branch
5000000,20000,0.15,1,1,191747,branch
5000000,20000,0.2,1,1,245637,branch
5000000,20000,0.25,1,1,293890,branch
5000000,20000,0.3,1,1,351938,branch
5000000,20000,0.35,1,1,411939,branch
5000000,20000,0.4,1,1,477976,branch
5000000,20000,0.45,1,1,541904,branch
5000000,20000,0.5,1,1,608323,branch
5000000,20000,0.55,1,1,670598,branch
5000000,20000,0.6,1,1,727266,branch
5000000,20000,0.65,1,1,789803,branch
5000000,20000,0.7,1,1,848804,branch
5000000,20000,0.75,1,1,911059,branch
5000000,20000,0.8,1,1,974322,branch
5000000,20000,0.85,1,1,1029766,branch
5000000,20000,0.9,1,1,1097810,branch
5000000,20000,0.95,1,1,1156816,branch
5000000,20000,1.0,1,1,1233399,branch
625000,20000,0.0,8,1,13332,branch
625000,20000,0.0,8,2,15035,branch
625000,20000,0.0,8,4,19273,branch
625000,20000,0.0,8,8,26708,branch
625000,20000,0.05,8,1,18280,branch
625000,20000,0.05,8,2,20865,branch
625000,20000,0.05,8,4,25137,branch
625000,20000,0.05,8,8,32243,branch
625000,20000,0.1,8,1,25477,branch
625000,20000,0.1,8,2,28371,branch
625000,20000,0.1,8,4,31845,branch
625000,20000,0.1,8,8,38990,branch
625000,20000,0.15,8,1,31189,branch
625000,20000,0.15,8,2,34058,branch
625000,20000,0.15,8,4,37597,branch
625000,20000,0.15,8,8,44794,branch
625000,20000,0.2,8,1,36411,branch
625000,20000,0.2,8,2,39264,branch
625000,20000,0.2,8,4,42900,branch
625000,20000,0.2,8,8,50662,branch
625000,20000,0.25,8,1,41977,branch
625000,20000,0.25,8,2,44886,branch
625000,20000,0.25,8,4,48371,branch
625000,20000,0.25,8,8,57301,branch
625000,20000,0.3,8,1,47002,branch
625000,20000,0.3,8,2,50200,branch
625000,20000,0.3,8,4,53659,branch
625000,20000,0.3,8,8,61075,branch
625000,20000,0.35,8,1,52358,branch
625000,20000,0.35,8,2,56710,branch
625000,20000,0.35,8,4,59231,branch
625000,20000,0.35,8,8,66538,branch
625000,20000,0.4,8,1,58112,branch
625000,20000,0.4,8,2,61857,branch
625000,20000,0.4,8,4,64730,branch
625000,20000,0.4,8,8,72103,branch
625000,20000,0.45,8,1,63310,branch
625000,20000,0.45,8,2,66828,branch
625000,20000,0.45,8,4,70078,branch
625000,20000,0.45,8,8,77469,branch
625000,20000,0.5,8,1,67855,branch
625000,20000,0.5,8,2,71857,branch
625000,20000,0.5,8,4,75493,branch
625000,20000,0.5,8,8,84442,branch
625000,20000,0.55,8,1,71953,branch
625000,20000,0.55,8,2,76171,branch
625000,20000,0.55,8,4,79999,branch
625000,20000,0.55,8,8,86738,branch
625000,20000,0.6,8,1,76000,branch
625000,20000,0.6,8,2,79931,branch
625000,20000,0.6,8,4,83582,branch
625000,20000,0.6,8,8,91135,branch
625000,20000,0.65,8,1,79508,branch
625000,20000,0.65,8,2,83652,branch
625000,20000,0.65,8,4,87689,branch
625000,20000,0.65,8,8,95349,branch
625000,20000,0.7,8,1,83340,branch
625000,20000,0.7,8,2,87678,branch
625000,20000,0.7,8,4,91738,branch
625000,20000,0.7,8,8,99467,branch
625000,20000,0.75,8,1,87322,branch
625000,20000,0.75,8,2,91306,branch
625000,20000,0.75,8,4,95916,branch
625000,20000,0.75,8,8,104107,branch
625000,20000,0.8,8,1,91259,branch
625000,20000,0.8,8,2,95295,branch
625000,20000,0.8,8,4,100076,branch
625000,20000,0.8,8,8,108153,branch
625000,20000,0.85,8,1,95522,branch
625000,20000,0.85,8,2,99221,branch
625000,20000,0.85,8,4,104269,branch
625000,20000,0.85,8,8,112879,branch
625000,20000,0.9,8,1,99482,branch
625000,20000,0.9,8,2,102908,branch
625000,20000,0.9,8,4,108416,branch
625000,20000,0.9,8,8,118053,branch
625000,20000,0.95,8,1,103686,branch
625000,20000,0.95,8,2,107436,branch
625000,20000,0.95,8,4,113394,branch
625000,20000,0.95,8,8,121725,branch
625000,20000,1.0,8,1,108136,branch
625000,20000,1.0,8,2,111338,branch
625000,20000,1.0,8,4,116951,branch
625000,20000,1.0,8,8,126692,branch
312500,20000,0.0,16,1,10871,branch
312500,20000,0.0,16,2,10663,branch
312500,20000,0.0,16,4,12569,branch
312500,20000,0.0,16,8,16152,branch
312500,20000,0.0,16,16,24038,branch
312500,20000,0.05,16,1,12250,branch
312500,20000,0.05,16,2,13402,branch
312500,20000,0.05,16,4,15296,branch
312500,20000,0.05,16,8,19009,branch
312500,20000,0.05,16,16,26904,branch
312500,20000,0.1,16,1,15244,branch
312500,20000,0.1,16,2,16586,branch
312500,20000,0.1,16,4,18278,branch
312500,20000,0.1,16,8,21802,branch
312500,20000,0.1,16,16,29560,branch
312500,20000,0.15,16,1,18890,branch
312500,20000,0.15,16,2,20430,branch
312500,20000,0.15,16,4,21936,branch
312500,20000,0.15,16,8,25310,branch
312500,20000,0.15,16,16,33219,branch
312500,20000,0.2,16,1,21920,branch
312500,20000,0.2,16,2,24441,branch
312500,20000,0.2,16,4,25399,branch
312500,20000,0.2,16,8,29127,branch
312500,20000,0.2,16,16,36470,branch
312500,20000,0.25,16,1,24809,branch
312500,20000,0.25,16,2,27034,branch
312500,20000,0.25,16,4,28259,branch
312500,20000,0.25,16,8,31518,branch
312500,20000,0.25,16,16,39138,branch
312500,20000,0.3,16,1,27551,branch
312500,20000,0.3,16,2,29659,branch
312500,20000,0.3,16,4,31198,branch
312500,20000,0.3,16,8,34846,branch
312500,20000,0.3,16,16,43834,branch
312500,20000,0.35,16,1,30322,branch
312500,20000,0.35,16,2,32402,branch
312500,20000,0.35,16,4,33762,branch
312500,20000,0.35,16,8,37639,branch
312500,20000,0.35,16,16,45156,branch
312500,20000,0.4,16,1,33098,branch
312500,20000,0.4,16,2,35273,branch
312500,20000,0.4,16,4,36783,branch
312500,20000,0.4,16,8,40315,branch
312500,20000,0.4,16,16,47909,branch
312500,20000,0.45,16,1,35834,branch
312500,20000,0.45,16,2,37362,branch
312500,20000,0.45,16,4,39097,branch
312500,20000,0.45,16,8,42925,branch
312500,20000,0.45,16,16,52577,branch
312500,20000,0.5,16,1,37892,branch
312500,20000,0.5,16,2,39981,branch
312500,20000,0.5,16,4,41626,branch
312500,20000,0.5,16,8,45138,branch
312500,20000,0.5,16,16,52647,branch
312500,20000,0.55,16,1,40029,branch
312500,20000,0.55,16,2,42151,branch
312500,20000,0.55,16,4,43686,branch
312500,20000,0.55,16,8,47498,branch
312500,20000,0.55,16,16,56937,branch
312500,20000,0.6,16,1,42165,branch
312500,20000,0.6,16,2,44331,branch
312500,20000,0.6,16,4,45486,branch
312500,20000,0.6,16,8,49248,branch
312500,20000,0.6,16,16,56773,branch
312500,20000,0.65,16,1,44178,branch
312500,20000,0.65,16,2,46399,branch
312500,20000,0.65,16,4,47881,branch
312500,20000,0.65,16,8,51470,branch
312500,20000,0.65,16,16,59239,branch
312500,20000,0.7,16,1,46136,branch
312500,20000,0.7,16,2,48605,branch
312500,20000,0.7,16,4,50344,branch
312500,20000,0.7,16,8,53555,branch
312500,20000,0.7,16,16,61829,branch
312500,20000,0.75,16,1,48335,branch
312500,20000,0.75,16,2,51142,branch
312500,20000,0.75,16,4,51932,branch
312500,20000,0.75,16,8,55785,branch
312500,20000,0.75,16,16,63723,branch
312500,20000,0.8,16,1,50509,branch
312500,20000,0.8,16,2,53186,branch
312500,20000,0.8,16,4,55129,branch
312500,20000,0.8,16,8,59090,branch
312500,20000,0.8,16,16,68645,branch
312500,20000,0.85,16,1,52897,branch
312500,20000,0.85,16,2,55338,branch
312500,20000,0.85,16,4,56475,branch
312500,20000,0.85,16,8,60499,branch
312500,20000,0.85,16,16,68558,branch
312500,20000,0.9,16,1,54888,branch
312500,20000,0.9,16,2,57749,branch
312500,20000,0.9,16,4,59092,branch
312500,20000,0.9,16,8,62927,branch
312500,20000,0.9,16,16,71506,branch
312500,20000,0.95,16,1,56874,branch
312500,20000,0.95,16,2,59586,branch
312500,20000,0.95,16,4,60799,branch
312500,20000,0.95,16,8,65168,branch
312500,20000,0.95,16,16,74092,branch
312500,20000,1.0,16,1,60350,branch
312500,20000,1.0,16,2,62618,branch
312500,20000,1.0,16,4,63391,branch
312500,20000,1.0,16,8,67125,branch
312500,20000,1.0,16,16,76175,branch
10000000,40000,0.0,1,1,159057,branch
10000000,40000,0.05,1,1,255499,branch
10000000,40000,0.1,1,1,348548,branch
10000000,40000,0.15,1,1,463488,branch
10000000,40000,0.2,1,1,599753,branch
10000000,40000,0.25,1,1,743362,branch
10000000,40000,0.3,1,1,885044,branch
10000000,40000,0.35,1,1,1095795,branch
10000000,40000,0.4,1,1,1160358,branch
10000000,40000,0.45,1,1,1299192,branch
10000000,40000,0.5,1,1,1426387,branch
10000000,40000,0.55,1,1,1553676,branch
10000000,40000,0.6,1,1,1689108,branch
10000000,40000,0.65,1,1,1808628,branch
10000000,40000,0.7,1,1,1932306,branch
10000000,40000,0.75,1,1,2102470,branch
10000000,40000,0.8,1,1,2189136,branch
10000000,40000,0.85,1,1,2310551,branch
10000000,40000,0.9,1,1,2431944,branch
10000000,40000,0.95,1,1,2569639,branch
10000000,40000,1.0,1,1,2689521,branch
1250000,40000,0.0,8,1,62592,branch
1250000,40000,0.0,8,2,67892,branch
1250000,40000,0.0,8,4,76108,branch
1250000,40000,0.0,8,8,90879,branch
1250000,40000,0.05,8,1,77868,branch
1250000,40000,0.05,8,2,81701,branch
1250000,40000,0.05,8,4,88529,branch
1250000,40000,0.05,8,8,102640,branch
1250000,40000,0.1,8,1,90023,branch
1250000,40000,0.1,8,2,95872,branch
1250000,40000,0.1,8,4,101489,branch
1250000,40000,0.1,8,8,114947,branch
1250000,40000,0.15,8,1,99406,branch
1250000,40000,0.15,8,2,105421,branch
1250000,40000,0.15,8,4,111514,branch
1250000,40000,0.15,8,8,124549,branch
1250000,40000,0.2,8,1,109372,branch
1250000,40000,0.2,8,2,116011,branch
1250000,40000,0.2,8,4,127290,branch
1250000,40000,0.2,8,8,143647,branch
1250000,40000,0.25,8,1,119487,branch
1250000,40000,0.25,8,2,125863,branch
1250000,40000,0.25,8,4,131143,branch
1250000,40000,0.25,8,8,145127,branch
1250000,40000,0.3,8,1,129389,branch
1250000,40000,0.3,8,2,137120,branch
1250000,40000,0.3,8,4,146154,branch
1250000,40000,0.3,8,8,156149,branch
1250000,40000,0.35,8,1,140416,branch
1250000,40000,0.35,8,2,148015,branch
1250000,40000,0.35,8,4,152762,branch
1250000,40000,0.35,8,8,167041,branch
1250000,40000,0.4,8,1,151392,branch
1250000,40000,0.4,8,2,159482,branch
1250000,40000,0.4,8,4,163586,branch
1250000,40000,0.4,8,8,177667,branch
1250000,40000,0.45,8,1,161160,branch
1250000,40000,0.45,8,2,169172,branch
1250000,40000,0.45,8,4,173748,branch
1250000,40000,0.45,8,8,188028,branch
1250000,40000,0.5,8,1,170637,branch
1250000,40000,0.5,8,2,179104,branch
1250000,40000,0.5,8,4,183703,branch
1250000,40000,0.5,8,8,197349,branch
1250000,40000,0.55,8,1,179071,branch
1250000,40000,0.55,8,2,187616,branch
1250000,40000,0.55,8,4,192248,branch
1250000,40000,0.55,8,8,206765,branch
1250000,40000,0.6,8,1,186019,branch
1250000,40000,0.6,8,2,194599,branch
1250000,40000,0.6,8,4,200655,branch
1250000,40000,0.6,8,8,216041,branch
1250000,40000,0.65,8,1,193459,branch
1250000,40000,0.65,8,2,202507,branch
1250000,40000,0.65,8,4,209386,branch
1250000,40000,0.65,8,8,224299,branch
1250000,40000,0.7,8,1,201710,branch
1250000,40000,0.7,8,2,210844,branch
1250000,40000,0.7,8,4,217963,branch
1250000,40000,0.7,8,8,232662,branch
1250000,40000,0.75,8,1,210272,branch
1250000,40000,0.75,8,2,220229,branch
1250000,40000,0.75,8,4,227189,branch
1250000,40000,0.75,8,8,241703,branch
1250000,40000,0.8,8,1,218996,branch
1250000,40000,0.8,8,2,226988,branch
1250000,40000,0.8,8,4,236433,branch
1250000,40000,0.8,8,8,251862,branch
1250000,40000,0.85,8,1,227755,branch
1250000,40000,0.85,8,2,236161,branch
1250000,40000,0.85,8,4,245890,branch
1250000,40000,0.85,8,8,262119,branch
1250000,40000,0.9,8,1,236827,branch
1250000,40000,0.9,8,2,245444,branch
1250000,40000,0.9,8,4,256393,branch
1250000,40000,0.9,8,8,271263,branch
1250000,40000,0.95,8,1,245563,branch
1250000,40000,0.95,8,2,254118,branch
1250000,40000,0.95,8,4,271290,branch
1250000,40000,0.95,8,8,283169,branch
1250000,40000,1.0,8,1,255025,branch
1250000,40000,1.0,8,2,265705,branch
1250000,40000,1.0,8,4,276242,branch
1250000,40000,1.0,8,8,293073,branch
625000,40000,0.0,16,1,58180,branch
625000,40000,0.0,16,2,59866,branch
625000,40000,0.0,16,4,64756,branch
625000,40000,0.0,16,8,72072,branch
625000,40000,0.0,16,16,87367,branch
625000,40000,0.05,16,1,63762,branch
625000,40000,0.05,16,2,64681,branch
625000,40000,0.05,16,4,68006,branch
625000,40000,0.05,16,8,75419,branch
625000,40000,0.05,16,16,91314,branch
625000,40000,0.1,16,1,70855,branch
625000,40000,0.1,16,2,73344,branch
625000,40000,0.1,16,4,75859,branch
625000,40000,0.1,16,8,82750,branch
625000,40000,0.1,16,16,97497,branch
625000,40000,0.15,16,1,77700,branch
625000,40000,0.15,16,2,81717,branch
625000,40000,0.15,16,4,83378,branch
625000,40000,0.15,16,8,89953,branch
625000,40000,0.15,16,16,108174,branch
625000,40000,0.2,16,1,82540,branch
625000,40000,0.2,16,2,87330,branch
625000,40000,0.2,16,4,88503,branch
625000,40000,0.2,16,8,95764,branch
625000,40000,0.2,16,16,110288,branch
625000,40000,0.25,16,1,87303,branch
625000,40000,0.25,16,2,91963,branch
625000,40000,0.25,16,4,93198,branch
625000,40000,0.25,16,8,100184,branch
625000,40000,0.25,16,16,115255,branch
625000,40000,0.3,16,1,92250,branch
625000,40000,0.3,16,2,96509,branch
625000,40000,0.3,16,4,98771,branch
625000,40000,0.3,16,8,105268,branch
625000,40000,0.3,16,16,120651,branch
625000,40000,0.35,16,1,97431,branch
625000,40000,0.35,16,2,101148,branch
625000,40000,0.35,16,4,103153,branch
625000,40000,0.35,16,8,111055,branch
625000,40000,0.35,16,16,127076,branch
625000,40000,0.4,16,1,101690,branch
625000,40000,0.4,16,2,106078,branch
625000,40000,0.4,16,4,107872,branch
625000,40000,0.4,16,8,119087,branch
625000,40000,0.4,16,16,133964,branch
625000,40000,0.45,16,1,106790,branch
625000,40000,0.45,16,2,109950,branch
625000,40000,0.45,16,4,112935,branch
625000,40000,0.45,16,8,119509,branch
625000,40000,0.45,16,16,134877,branch
625000,40000,0.5,16,1,110902,branch
625000,40000,0.5,16,2,115434,branch
625000,40000,0.5,16,4,117077,branch
625000,40000,0.5,16,8,124083,branch
625000,40000,0.5,16,16,139062,branch
625000,40000,0.55,16,1,114189,branch
625000,40000,0.55,16,2,118184,branch
625000,40000,0.55,16,4,120965,branch
625000,40000,0.55,16,8,129626,branch
625000,40000,0.55,16,16,142957,branch
625000,40000,0.6,16,1,118719,branch
625000,40000,0.6,16,2,122635,branch
625000,40000,0.6,16,4,125214,branch
625000,40000,0.6,16,8,131785,branch
625000,40000,0.6,16,16,147172,branch
625000,40000,0.65,16,1,122281,branch
625000,40000,0.65,16,2,127051,branch
625000,40000,0.65,16,4,128554,branch
625000,40000,0.65,16,8,136237,branch
625000,40000,0.65,16,16,152005,branch
625000,40000,0.7,16,1,126315,branch
625000,40000,0.7,16,2,131224,branch
625000,40000,0.7,16,4,133795,branch
625000,40000,0.7,16,8,141427,branch
625000,40000,0.7,16,16,156310,branch
625000,40000,0.75,16,1,132193,branch
625000,40000,0.75,16,2,135873,branch
625000,40000,0.75,16,4,137940,branch
625000,40000,0.75,16,8,145684,branch
625000,40000,0.75,16,16,160541,branch
625000,40000,0.8,16,1,135110,branch
625000,40000,0.8,16,2,140266,branch
625000,40000,0.8,16,4,141828,branch
625000,40000,0.8,16,8,149354,branch
625000,40000,0.8,16,16,164381,branch
625000,40000,0.85,16,1,138671,branch
625000,40000,0.85,16,2,143738,branch
625000,40000,0.85,16,4,144827,branch
625000,40000,0.85,16,8,154102,branch
625000,40000,0.85,16,16,168811,branch
625000,40000,0.9,16,1,144626,branch
625000,40000,0.9,16,2,148044,branch
625000,40000,0.9,16,4,149697,branch
625000,40000,0.9,16,8,158268,branch
625000,40000,0.9,16,16,174127,branch
625000,40000,0.95,16,1,146390,branch
625000,40000,0.95,16,2,151042,branch
625000,40000,0.95,16,4,152777,branch
625000,40000,0.95,16,8,162155,branch
625000,40000,0.95,16,16,179951,branch
625000,40000,1.0,16,1,151787,branch
625000,40000,1.0,16,2,155827,branch
625000,40000,1.0,16,4,157361,branch
625000,40000,1.0,16,8,166555,branch
625000,40000,1.0,16,16,184204,branch
20000000,80000,0.0,1,1,319071,branch
20000000,80000,0.05,1,1,523883,branch
20000000,80000,0.1,1,1,790270,branch
20000000,80000,0.15,1,1,1090652,branch
20000000,80000,0.2,1,1,1377435,branch
20000000,80000,0.25,1,1,1667005,branch
20000000,80000,0.3,1,1,1954149,branch
20000000,80000,0.35,1,1,2244927,branch
20000000,80000,0.4,1,1,2526860,branch
20000000,80000,0.45,1,1,2848045,branch
20000000,80000,0.5,1,1,3085087,branch
20000000,80000,0.55,1,1,3368775,branch
20000000,80000,0.6,1,1,3627112,branch
20000000,80000,0.65,1,1,3886196,branch
20000000,80000,0.7,1,1,4148076,branch
20000000,80000,0.75,1,1,4395106,branch
20000000,80000,0.8,1,1,4664615,branch
20000000,80000,0.85,1,1,4923420,branch
20000000,80000,0.9,1,1,5194482,branch
20000000,80000,0.95,1,1,5467524,branch
20000000,80000,1.0,1,1,5721005,branch
2500000,80000,0.0,8,1,126286,branch
2500000,80000,0.0,8,2,136928,branch
2500000,80000,0.0,8,4,153277,branch
2500000,80000,0.0,8,8,182697,branch
2500000,80000,0.05,8,1,159182,branch
2500000,80000,0.05,8,2,168316,branch
2500000,80000,0.05,8,4,180462,branch
2500000,80000,0.05,8,8,208321,branch
2500000,80000,0.1,8,1,182883,branch
2500000,80000,0.1,8,2,195481,branch
2500000,80000,0.1,8,4,218979,branch
2500000,80000,0.1,8,8,246514,branch
2500000,80000,0.15,8,1,203690,branch
2500000,80000,0.15,8,2,216811,branch
2500000,80000,0.15,8,4,237461,branch
2500000,80000,0.15,8,8,262366,branch
2500000,80000,0.2,8,1,225030,branch
2500000,80000,0.2,8,2,237955,branch
2500000,80000,0.2,8,4,248321,branch
2500000,80000,0.2,8,8,276432,branch
2500000,80000,0.25,8,1,246415,branch
2500000,80000,0.25,8,2,267724,branch
2500000,80000,0.25,8,4,281404,branch
2500000,80000,0.25,8,8,300424,branch
2500000,80000,0.3,8,1,269875,branch
2500000,80000,0.3,8,2,283969,branch
2500000,80000,0.3,8,4,294346,branch
2500000,80000,0.3,8,8,328223,branch
2500000,80000,0.35,8,1,296445,branch
2500000,80000,0.35,8,2,311529,branch
2500000,80000,0.35,8,4,322769,branch
2500000,80000,0.35,8,8,349282,branch
2500000,80000,0.4,8,1,321038,branch
2500000,80000,0.4,8,2,338999,branch
2500000,80000,0.4,8,4,347167,branch
2500000,80000,0.4,8,8,375613,branch
2500000,80000,0.45,8,1,344426,branch
2500000,80000,0.45,8,2,363814,branch
2500000,80000,0.45,8,4,373092,branch
2500000,80000,0.45,8,8,400684,branch
2500000,80000,0.5,8,1,368721,branch
2500000,80000,0.5,8,2,387391,branch
2500000,80000,0.5,8,4,397440,branch
2500000,80000,0.5,8,8,426335,branch
2500000,80000,0.55,8,1,389435,branch
2500000,80000,0.55,8,2,409732,branch
2500000,80000,0.55,8,4,422229,branch
2500000,80000,0.55,8,8,450309,branch
2500000,80000,0.6,8,1,411342,branch
2500000,80000,0.6,8,2,431737,branch
2500000,80000,0.6,8,4,444980,branch
2500000,80000,0.6,8,8,474649,branch
2500000,80000,0.65,8,1,431347,branch
2500000,80000,0.65,8,2,456935,branch
2500000,80000,0.65,8,4,470154,branch
2500000,80000,0.65,8,8,501514,branch
2500000,80000,0.7,8,1,454578,branch
2500000,80000,0.7,8,2,480563,branch
2500000,80000,0.7,8,4,497112,branch
2500000,80000,0.7,8,8,527123,branch
2500000,80000,0.75,8,1,479333,branch
2500000,80000,0.75,8,2,502819,branch
2500000,80000,0.75,8,4,524283,branch
2500000,80000,0.75,8,8,554457,branch
2500000,80000,0.8,8,1,504146,branch
2500000,80000,0.8,8,2,528666,branch
2500000,80000,0.8,8,4,550744,branch
2500000,80000,0.8,8,8,582641,branch
2500000,80000,0.85,8,1,529139,branch
2500000,80000,0.85,8,2,555975,branch
2500000,80000,0.85,8,4,584500,branch
2500000,80000,0.85,8,8,615422,branch
2500000,80000,0.9,8,1,554257,branch
2500000,80000,0.9,8,2,582587,branch
2500000,80000,0.9,8,4,609655,branch
2500000,80000,0.9,8,8,641622,branch
2500000,80000,0.95,8,1,581350,branch
2500000,80000,0.95,8,2,609930,branch
2500000,80000,0.95,8,4,637485,branch
2500000,80000,0.95,8,8,670568,branch
2500000,80000,1.0,8,1,606968,branch
2500000,80000,1.0,8,2,666023,branch
2500000,80000,1.0,8,4,669804,branch
2500000,80000,1.0,8,8,699327,branch
1250000,80000,0.0,16,1,117402,branch
1250000,80000,0.0,16,2,121426,branch
1250000,80000,0.0,16,4,128756,branch
1250000,80000,0.0,16,8,142879,branch
1250000,80000,0.0,16,16,173368,branch
1250000,80000,0.05,16,1,129874,branch
1250000,80000,0.05,16,2,131967,branch
1250000,80000,0.05,16,4,139744,branch
1250000,80000,0.05,16,8,152637,branch
1250000,80000,0.05,16,16,184421,branch
1250000,80000,0.1,16,1,145526,branch
1250000,80000,0.1,16,2,152697,branch
1250000,80000,0.1,16,4,159125,branch
1250000,80000,0.1,16,8,174314,branch
1250000,80000,0.1,16,16,202376,branch
1250000,80000,0.15,16,1,159566,branch
1250000,80000,0.15,16,2,168631,branch
1250000,80000,0.15,16,4,171184,branch
1250000,80000,0.15,16,8,186271,branch
1250000,80000,0.15,16,16,214437,branch
1250000,80000,0.2,16,1,170406,branch
1250000,80000,0.2,16,2,179559,branch
1250000,80000,0.2,16,4,182272,branch
1250000,80000,0.2,16,8,197975,branch
1250000,80000,0.2,16,16,226491,branch
1250000,80000,0.25,16,1,180776,branch
1250000,80000,0.25,16,2,190330,branch
1250000,80000,0.25,16,4,192971,branch
1250000,80000,0.25,16,8,206436,branch
1250000,80000,0.25,16,16,249143,branch
1250000,80000,0.3,16,1,190942,branch
1250000,80000,0.3,16,2,200027,branch
1250000,80000,0.3,16,4,203915,branch
1250000,80000,0.3,16,8,217573,branch
1250000,80000,0.3,16,16,248222,branch
1250000,80000,0.35,16,1,201116,branch
1250000,80000,0.35,16,2,210628,branch
1250000,80000,0.35,16,4,214263,branch
1250000,80000,0.35,16,8,228066,branch
1250000,80000,0.35,16,16,258254,branch
1250000,80000,0.4,16,1,212337,branch
1250000,80000,0.4,16,2,221572,branch
1250000,80000,0.4,16,4,224922,branch
1250000,80000,0.4,16,8,247972,branch
1250000,80000,0.4,16,16,277281,branch
1250000,80000,0.45,16,1,222629,branch
1250000,80000,0.45,16,2,230378,branch
1250000,80000,0.45,16,4,234772,branch
1250000,80000,0.45,16,8,249697,branch
1250000,80000,0.45,16,16,286761,branch
1250000,80000,0.5,16,1,232756,branch
1250000,80000,0.5,16,2,240069,branch
1250000,80000,0.5,16,4,245722,branch
1250000,80000,0.5,16,8,258989,branch
1250000,80000,0.5,16,16,293227,branch
1250000,80000,0.55,16,1,242799,branch
1250000,80000,0.55,16,2,250198,branch
1250000,80000,0.55,16,4,255859,branch
1250000,80000,0.55,16,8,268813,branch
1250000,80000,0.55,16,16,300205,branch
1250000,80000,0.6,16,1,252773,branch
1250000,80000,0.6,16,2,259886,branch
1250000,80000,0.6,16,4,265043,branch
1250000,80000,0.6,16,8,278774,branch
1250000,80000,0.6,16,16,311325,branch
1250000,80000,0.65,16,1,261255,branch
1250000,80000,0.65,16,2,270754,branch
1250000,80000,0.65,16,4,274500,branch
1250000,80000,0.65,16,8,289353,branch
1250000,80000,0.65,16,16,320208,branch
1250000,80000,0.7,16,1,270295,branch
1250000,80000,0.7,16,2,282647,branch
1250000,80000,0.7,16,4,285398,branch
1250000,80000,0.7,16,8,299160,branch
1250000,80000,0.7,16,16,332593,branch
1250000,80000,0.75,16,1,279616,branch
1250000,80000,0.75,16,2,292532,branch
1250000,80000,0.75,16,4,294768,branch
1250000,80000,0.75,16,8,310577,branch
1250000,80000,0.75,16,16,343806,branch
1250000,80000,0.8,16,1,290096,branch
1250000,80000,0.8,16,2,301800,branch
1250000,80000,0.8,16,4,304395,branch
1250000,80000,0.8,16,8,320477,branch
1250000,80000,0.8,16,16,353976,branch
1250000,80000,0.85,16,1,300130,branch
1250000,80000,0.85,16,2,313033,branch
1250000,80000,0.85,16,4,315405,branch
1250000,80000,0.85,16,8,331526,branch
1250000,80000,0.85,16,16,362559,branch
1250000,80000,0.9,16,1,308249,branch
1250000,80000,0.9,16,2,320337,branch
1250000,80000,0.9,16,4,325036,branch
1250000,80000,0.9,16,8,343272,branch
1250000,80000,0.9,16,16,375662,branch
1250000,80000,0.95,16,1,317282,branch
1250000,80000,0.95,16,2,330448,branch
1250000,80000,0.95,16,4,336459,branch
1250000,80000,0.95,16,8,354383,branch
1250000,80000,0.95,16,16,385506,branch
1250000,80000,1.0,16,1,327050,branch
1250000,80000,1.0,16,2,340455,branch
1250000,80000,1.0,16,4,374451,branch
1250000,80000,1.0,16,8,366107,branch
1250000,80000,1.0,16,16,403371,branch
40000000,160000,0.0,1,1,638659,branch
40000000,160000,0.05,1,1,1174794,branch
40000000,160000,0.1,1,1,1756069,branch
40000000,160000,0.15,1,1,2345264,branch
40000000,160000,0.2,1,1,2988859,branch
40000000,160000,0.25,1,1,3551857,branch
40000000,160000,0.3,1,1,4139443,branch
40000000,160000,0.35,1,1,4737732,branch
40000000,160000,0.4,1,1,5328229,branch
40000000,160000,0.45,1,1,5926286,branch
40000000,160000,0.5,1,1,6491219,branch
40000000,160000,0.55,1,1,7079508,branch
40000000,160000,0.6,1,1,7607306,branch
40000000,160000,0.65,1,1,8132547,branch
40000000,160000,0.7,1,1,8683780,branch
40000000,160000,0.75,1,1,9232214,branch
40000000,160000,0.8,1,1,9803849,branch
40000000,160000,0.85,1,1,10318862,branch
40000000,160000,0.9,1,1,10880938,branch
40000000,160000,0.95,1,1,11429475,branch
40000000,160000,1.0,1,1,12006900,branch
5000000,160000,0.0,8,1,251908,branch
5000000,160000,0.0,8,2,272792,branch
5000000,160000,0.0,8,4,306373,branch
5000000,160000,0.0,8,8,365778,branch
5000000,160000,0.05,8,1,321734,branch
5000000,160000,0.05,8,2,342660,branch
5000000,160000,0.05,8,4,366173,branch
5000000,160000,0.05,8,8,421640,branch
5000000,160000,0.1,8,1,386010,branch
5000000,160000,0.1,8,2,400540,branch
5000000,160000,0.1,8,4,419107,branch
5000000,160000,0.1,8,8,476343,branch
5000000,160000,0.15,8,1,422593,branch
5000000,160000,0.15,8,2,447094,branch
5000000,160000,0.15,8,4,468957,branch
5000000,160000,0.15,8,8,528281,branch
5000000,160000,0.2,8,1,473349,branch
5000000,160000,0.2,8,2,499858,branch
5000000,160000,0.2,8,4,529527,branch
5000000,160000,0.2,8,8,589285,branch
5000000,160000,0.25,8,1,530310,branch
5000000,160000,0.25,8,2,559964,branch
5000000,160000,0.25,8,4,582613,branch
5000000,160000,0.25,8,8,645818,branch
5000000,160000,0.3,8,1,588120,branch
5000000,160000,0.3,8,2,623584,branch
5000000,160000,0.3,8,4,644072,branch
5000000,160000,0.3,8,8,736260,branch
5000000,160000,0.35,8,1,652057,branch
5000000,160000,0.35,8,2,690523,branch
5000000,160000,0.35,8,4,710571,branch
5000000,160000,0.35,8,8,765075,branch
5000000,160000,0.4,8,1,716467,branch
5000000,160000,0.4,8,2,759200,branch
5000000,160000,0.4,8,4,776591,branch
5000000,160000,0.4,8,8,833577,branch
5000000,160000,0.45,8,1,779689,branch
5000000,160000,0.45,8,2,821310,branch
5000000,160000,0.45,8,4,841939,branch
5000000,160000,0.45,8,8,897854,branch
5000000,160000,0.5,8,1,835637,branch
5000000,160000,0.5,8,2,883030,branch
5000000,160000,0.5,8,4,905382,branch
5000000,160000,0.5,8,8,961353,branch
5000000,160000,0.55,8,1,891546,branch
5000000,160000,0.55,8,2,938609,branch
5000000,160000,0.55,8,4,965798,branch
5000000,160000,0.55,8,8,1024796,branch
5000000,160000,0.6,8,1,967712,branch
5000000,160000,0.6,8,2,993458,branch
5000000,160000,0.6,8,4,1023545,branch
5000000,160000,0.6,8,8,1084106,branch
5000000,160000,0.65,8,1,994964,branch
5000000,160000,0.65,8,2,1053873,branch
5000000,160000,0.65,8,4,1085402,branch
5000000,160000,0.65,8,8,1146973,branch
5000000,160000,0.7,8,1,1046288,branch
5000000,160000,0.7,8,2,1103207,branch
5000000,160000,0.7,8,4,1141354,branch
5000000,160000,0.7,8,8,1199436,branch
5000000,160000,0.75,8,1,1098719,branch
5000000,160000,0.75,8,2,1155925,branch
5000000,160000,0.75,8,4,1198526,branch
5000000,160000,0.75,8,8,1277421,branch
5000000,160000,0.8,8,1,1150669,branch
5000000,160000,0.8,8,2,1210429,branch
5000000,160000,0.8,8,4,1258354,branch
5000000,160000,0.8,8,8,1323426,branch
5000000,160000,0.85,8,1,1201708,branch
5000000,160000,0.85,8,2,1264795,branch
5000000,160000,0.85,8,4,1319583,branch
5000000,160000,0.85,8,8,1382945,branch
5000000,160000,0.9,8,1,1286742,branch
5000000,160000,0.9,8,2,1318567,branch
5000000,160000,0.9,8,4,1378088,branch
5000000,160000,0.9,8,8,1441252,branch
5000000,160000,0.95,8,1,1312894,branch
5000000,160000,0.95,8,2,1379799,branch
5000000,160000,0.95,8,4,1435913,branch
5000000,160000,0.95,8,8,1501710,branch
5000000,160000,1.0,8,1,1362381,branch
5000000,160000,1.0,8,2,1433159,branch
5000000,160000,1.0,8,4,1496530,branch
5000000,160000,1.0,8,8,1560011,branch
2500000,160000,0.0,16,1,233870,branch
2500000,160000,0.0,16,2,242965,branch
2500000,160000,0.0,16,4,258411,branch
2500000,160000,0.0,16,8,287433,branch
2500000,160000,0.0,16,16,349575,branch
2500000,160000,0.05,16,1,260684,branch
2500000,160000,0.05,16,2,267529,branch
2500000,160000,0.05,16,4,280386,branch
2500000,160000,0.05,16,8,308347,branch
2500000,160000,0.05,16,16,380442,branch
2500000,160000,0.1,16,1,296427,branch
2500000,160000,0.1,16,2,313781,branch
2500000,160000,0.1,16,4,319924,branch
2500000,160000,0.1,16,8,348787,branch
2500000,160000,0.1,16,16,405556,branch
2500000,160000,0.15,16,1,326611,branch
2500000,160000,0.15,16,2,344606,branch
2500000,160000,0.15,16,4,349732,branch
2500000,160000,0.15,16,8,377907,branch
2500000,160000,0.15,16,16,444813,branch
2500000,160000,0.2,16,1,350132,branch
2500000,160000,0.2,16,2,368596,branch
2500000,160000,0.2,16,4,373607,branch
2500000,160000,0.2,16,8,402874,branch
2500000,160000,0.2,16,16,473160,branch
2500000,160000,0.25,16,1,373821,branch
2500000,160000,0.25,16,2,392912,branch
2500000,160000,0.25,16,4,411313,branch
2500000,160000,0.25,16,8,440263,branch
2500000,160000,0.25,16,16,501448,branch
2500000,160000,0.3,16,1,396951,branch
2500000,160000,0.3,16,2,416733,branch
2500000,160000,0.3,16,4,423595,branch
2500000,160000,0.3,16,8,452637,branch
2500000,160000,0.3,16,16,514488,branch
2500000,160000,0.35,16,1,422609,branch
2500000,160000,0.35,16,2,442785,branch
2500000,160000,0.35,16,4,449585,branch
2500000,160000,0.35,16,8,479670,branch
2500000,160000,0.35,16,16,571494,branch
2500000,160000,0.4,16,1,450092,branch
2500000,160000,0.4,16,2,469531,branch
2500000,160000,0.4,16,4,477586,branch
2500000,160000,0.4,16,8,504682,branch
2500000,160000,0.4,16,16,565118,branch
2500000,160000,0.45,16,1,477423,branch
2500000,160000,0.45,16,2,495318,branch
2500000,160000,0.45,16,4,506034,branch
2500000,160000,0.45,16,8,534938,branch
2500000,160000,0.45,16,16,598536,branch
2500000,160000,0.5,16,1,502183,branch
2500000,160000,0.5,16,2,520880,branch
2500000,160000,0.5,16,4,532516,branch
2500000,160000,0.5,16,8,557982,branch
2500000,160000,0.5,16,16,624548,branch
2500000,160000,0.55,16,1,530665,branch
2500000,160000,0.55,16,2,547433,branch
2500000,160000,0.55,16,4,557829,branch
2500000,160000,0.55,16,8,585611,branch
2500000,160000,0.55,16,16,668184,branch
2500000,160000,0.6,16,1,552692,branch
2500000,160000,0.6,16,2,579162,branch
2500000,160000,0.6,16,4,593132,branch
2500000,160000,0.6,16,8,615639,branch
2500000,160000,0.6,16,16,695224,branch
2500000,160000,0.65,16,1,577203,branch
2500000,160000,0.65,16,2,599340,branch
2500000,160000,0.65,16,4,608706,branch
2500000,160000,0.65,16,8,639631,branch
2500000,160000,0.65,16,16,703626,branch
2500000,160000,0.7,16,1,601273,branch
2500000,160000,0.7,16,2,629579,branch
2500000,160000,0.7,16,4,636625,branch
2500000,160000,0.7,16,8,670096,branch
2500000,160000,0.7,16,16,731750,branch
2500000,160000,0.75,16,1,626605,branch
2500000,160000,0.75,16,2,659579,branch
2500000,160000,0.75,16,4,664639,branch
2500000,160000,0.75,16,8,695819,branch
2500000,160000,0.75,16,16,759883,branch
2500000,160000,0.8,16,1,666980,branch
2500000,160000,0.8,16,2,681923,branch
2500000,160000,0.8,16,4,690481,branch
2500000,160000,0.8,16,8,723598,branch
2500000,160000,0.8,16,16,793398,branch
2500000,160000,0.85,16,1,673037,branch
2500000,160000,0.85,16,2,707477,branch
2500000,160000,0.85,16,4,718024,branch
2500000,160000,0.85,16,8,750280,branch
2500000,160000,0.85,16,16,809244,branch
2500000,160000,0.9,16,1,697852,branch
2500000,160000,0.9,16,2,730528,branch
2500000,160000,0.9,16,4,743553,branch
2500000,160000,0.9,16,8,778507,branch
2500000,160000,0.9,16,16,837104,branch
2500000,160000,0.95,16,1,717338,branch
2500000,160000,0.95,16,2,755224,branch
2500000,160000,0.95,16,4,767524,branch
2500000,160000,0.95,16,8,802613,branch
2500000,160000,0.95,16,16,867401,branch
2500000,160000,1.0,16,1,739579,branch
2500000,160000,1.0,16,2,775295,branch
2500000,160000,1.0,16,4,795848,branch
2500000,160000,1.0,16,8,829907,branch
2500000,160000,1.0,16,16,898911,branch
80000000,320000,0.0,1,1,1275868,branch
80000000,320000,0.05,1,1,2442752,branch
80000000,320000,0.1,1,1,3731756,branch
80000000,320000,0.15,1,1,5005824,branch
80000000,320000,0.2,1,1,6166108,branch
80000000,320000,0.25,1,1,7397204,branch
80000000,320000,0.3,1,1,8617656,branch
80000000,320000,0.35,1,1,9916509,branch
80000000,320000,0.4,1,1,11099756,branch
80000000,320000,0.45,1,1,12362478,branch
80000000,320000,0.5,1,1,13532032,branch
80000000,320000,0.55,1,1,14749983,branch
80000000,320000,0.6,1,1,15882744,branch
80000000,320000,0.65,1,1,16947541,branch
80000000,320000,0.7,1,1,18085040,branch
80000000,320000,0.75,1,1,19123614,branch
80000000,320000,0.8,1,1,20257029,branch
80000000,320000,0.85,1,1,21377152,branch
80000000,320000,0.9,1,1,22501317,branch
80000000,320000,0.95,1,1,23622237,branch
80000000,320000,1.0,1,1,24766158,branch
10000000,320000,0.0,8,1,507011,branch
10000000,320000,0.0,8,2,549740,branch
10000000,320000,0.0,8,4,616009,branch
10000000,320000,0.0,8,8,733525,branch
10000000,320000,0.05,8,1,656674,branch
10000000,320000,0.05,8,2,698284,branch
10000000,320000,0.05,8,4,750795,branch
10000000,320000,0.05,8,8,861378,branch
10000000,320000,0.1,8,1,776299,branch
10000000,320000,0.1,8,2,830279,branch
10000000,320000,0.1,8,4,879223,branch
10000000,320000,0.1,8,8,990434,branch
10000000,320000,0.15,8,1,924330,branch
10000000,320000,0.15,8,2,977040,branch
10000000,320000,0.15,8,4,1020959,branch
10000000,320000,0.15,8,8,1111063,branch
10000000,320000,0.2,8,1,1020051,branch
10000000,320000,0.2,8,2,1082263,branch
10000000,320000,0.2,8,4,1122659,branch
10000000,320000,0.2,8,8,1235416,branch
10000000,320000,0.25,8,1,1151448,branch
10000000,320000,0.25,8,2,1213867,branch
10000000,320000,0.25,8,4,1285608,branch
10000000,320000,0.25,8,8,1430632,branch
10000000,320000,0.3,8,1,1289810,branch
10000000,320000,0.3,8,2,1364362,branch
10000000,320000,0.3,8,4,1415998,branch
10000000,320000,0.3,8,8,1544463,branch
10000000,320000,0.35,8,1,1426764,branch
10000000,320000,0.35,8,2,1510371,branch
10000000,320000,0.35,8,4,1545181,branch
10000000,320000,0.35,8,8,1666131,branch
10000000,320000,0.4,8,1,1597234,branch
10000000,320000,0.4,8,2,1655022,branch
10000000,320000,0.4,8,4,1687188,branch
10000000,320000,0.4,8,8,1800669,branch
10000000,320000,0.45,8,1,1693842,branch
10000000,320000,0.45,8,2,1785716,branch
10000000,320000,0.45,8,4,1828391,branch
10000000,320000,0.45,8,8,1944589,branch
10000000,320000,0.5,8,1,1824100,branch
10000000,320000,0.5,8,2,1917089,branch
10000000,320000,0.5,8,4,1966427,branch
10000000,320000,0.5,8,8,2078638,branch
10000000,320000,0.55,8,1,1934990,branch
10000000,320000,0.55,8,2,2038330,branch
10000000,320000,0.55,8,4,2090668,branch
10000000,320000,0.55,8,8,2241831,branch
10000000,320000,0.6,8,1,2047837,branch
10000000,320000,0.6,8,2,2153224,branch
10000000,320000,0.6,8,4,2213586,branch
10000000,320000,0.6,8,8,2329085,branch
10000000,320000,0.65,8,1,2156356,branch
10000000,320000,0.65,8,2,2271116,branch
10000000,320000,0.65,8,4,2336668,branch
10000000,320000,0.65,8,8,2454118,branch
10000000,320000,0.7,8,1,2267487,branch
10000000,320000,0.7,8,2,2382457,branch
10000000,320000,0.7,8,4,2459139,branch
10000000,320000,0.7,8,8,2614048,branch
10000000,320000,0.75,8,1,2381797,branch
10000000,320000,0.75,8,2,2498318,branch
10000000,320000,0.75,8,4,2588505,branch
10000000,320000,0.75,8,8,2708652,branch
10000000,320000,0.8,8,1,2494788,branch
10000000,320000,0.8,8,2,2615049,branch
10000000,320000,0.8,8,4,2712202,branch
10000000,320000,0.8,8,8,2835599,branch
10000000,320000,0.85,8,1,2610155,branch
10000000,320000,0.85,8,2,2733704,branch
10000000,320000,0.85,8,4,2862468,branch
10000000,320000,0.85,8,8,2964097,branch
10000000,320000,0.9,8,1,2722634,branch
10000000,320000,0.9,8,2,2850451,branch
10000000,320000,0.9,8,4,2962057,branch
10000000,320000,0.9,8,8,3088916,branch
10000000,320000,0.95,8,1,2833225,branch
10000000,320000,0.95,8,2,2967971,branch
10000000,320000,0.95,8,4,3086596,branch
10000000,320000,0.95,8,8,3217635,branch
10000000,320000,1.0,8,1,2960198,branch
10000000,320000,1.0,8,2,3099856,branch
10000000,320000,1.0,8,4,3211762,branch
10000000,320000,1.0,8,8,3349170,branch
5000000,320000,0.0,16,1,466408,branch
5000000,320000,0.0,16,2,485143,branch
5000000,320000,0.0,16,4,517173,branch
5000000,320000,0.0,16,8,574951,branch
5000000,320000,0.0,16,16,705239,branch
5000000,320000,0.05,16,1,526947,branch
5000000,320000,0.05,16,2,541920,branch
5000000,320000,0.05,16,4,566930,branch
5000000,320000,0.05,16,8,622802,branch
5000000,320000,0.05,16,16,744893,branch
5000000,320000,0.1,16,1,607916,branch
5000000,320000,0.1,16,2,647612,branch
5000000,320000,0.1,16,4,654866,branch
5000000,320000,0.1,16,8,714501,branch
5000000,320000,0.1,16,16,826966,branch
5000000,320000,0.15,16,1,673055,branch
5000000,320000,0.15,16,2,710613,branch
5000000,320000,0.15,16,4,720640,branch
5000000,320000,0.15,16,8,776626,branch
5000000,320000,0.15,16,16,891743,branch
5000000,320000,0.2,16,1,729878,branch
5000000,320000,0.2,16,2,795605,branch
5000000,320000,0.2,16,4,779650,branch
5000000,320000,0.2,16,8,837447,branch
5000000,320000,0.2,16,16,952794,branch
5000000,320000,0.25,16,1,788423,branch
5000000,320000,0.25,16,2,830471,branch
5000000,320000,0.25,16,4,843667,branch
5000000,320000,0.25,16,8,924814,branch
5000000,320000,0.25,16,16,1041647,branch
5000000,320000,0.3,16,1,847404,branch
5000000,320000,0.3,16,2,890616,branch
5000000,320000,0.3,16,4,904742,branch
5000000,320000,0.3,16,8,961974,branch
5000000,320000,0.3,16,16,1083830,branch
5000000,320000,0.35,16,1,909582,branch
5000000,320000,0.35,16,2,952184,branch
5000000,320000,0.35,16,4,967635,branch
5000000,320000,0.35,16,8,1024095,branch
5000000,320000,0.35,16,16,1151032,branch
5000000,320000,0.4,16,1,971501,branch
5000000,320000,0.4,16,2,1015630,branch
5000000,320000,0.4,16,4,1033570,branch
5000000,320000,0.4,16,8,1090487,branch
5000000,320000,0.4,16,16,1232168,branch
5000000,320000,0.45,16,1,1034956,branch
5000000,320000,0.45,16,2,1075284,branch
5000000,320000,0.45,16,4,1097717,branch
5000000,320000,0.45,16,8,1157504,branch
5000000,320000,0.45,16,16,1332188,branch
5000000,320000,0.5,16,1,1093781,branch
5000000,320000,0.5,16,2,1136156,branch
5000000,320000,0.5,16,4,1177106,branch
5000000,320000,0.5,16,8,1230832,branch
5000000,320000,0.5,16,16,1353541,branch
5000000,320000,0.55,16,1,1152257,branch
5000000,320000,0.55,16,2,1199117,branch
5000000,320000,0.55,16,4,1223751,branch
5000000,320000,0.55,16,8,1278758,branch
5000000,320000,0.55,16,16,1454159,branch
5000000,320000,0.6,16,1,1209309,branch
5000000,320000,0.6,16,2,1263016,branch
5000000,320000,0.6,16,4,1281442,branch
5000000,320000,0.6,16,8,1332818,branch
5000000,320000,0.6,16,16,1463570,branch
5000000,320000,0.65,16,1,1303145,branch
5000000,320000,0.65,16,2,1324059,branch
5000000,320000,0.65,16,4,1337888,branch
5000000,320000,0.65,16,8,1395914,branch
5000000,320000,0.65,16,16,1515490,branch
5000000,320000,0.7,16,1,1318956,branch
5000000,320000,0.7,16,2,1411057,branch
5000000,320000,0.7,16,4,1403193,branch
5000000,320000,0.7,16,8,1456231,branch
5000000,320000,0.7,16,16,1583979,branch
5000000,320000,0.75,16,1,1374615,branch
5000000,320000,0.75,16,2,1442531,branch
5000000,320000,0.75,16,4,1458061,branch
5000000,320000,0.75,16,8,1515224,branch
5000000,320000,0.75,16,16,1639575,branch
5000000,320000,0.8,16,1,1423651,branch
5000000,320000,0.8,16,2,1494152,branch
5000000,320000,0.8,16,4,1516831,branch
5000000,320000,0.8,16,8,1577784,branch
5000000,320000,0.8,16,16,1699601,branch
5000000,320000,0.85,16,1,1475232,branch
5000000,320000,0.85,16,2,1549277,branch
5000000,320000,0.85,16,4,1570456,branch
5000000,320000,0.85,16,8,1633453,branch
5000000,320000,0.85,16,16,1782699,branch
5000000,320000,0.9,16,1,1522115,branch
5000000,320000,0.9,16,2,1597673,branch
5000000,320000,0.9,16,4,1627332,branch
5000000,320000,0.9,16,8,1692303,branch
5000000,320000,0.9,16,16,1814047,branch
5000000,320000,0.95,16,1,1576965,branch
5000000,320000,0.95,16,2,1646168,branch
5000000,320000,0.95,16,4,1684507,branch
5000000,320000,0.95,16,8,1753601,branch
5000000,320000,0.95,16,16,1874900,branch
5000000,320000,1.0,16,1,1617489,branch
5000000,320000,1.0,16,2,1700489,branch
5000000,320000,1.0,16,4,1741984,branch
5000000,320000,1.0,16,8,1813815,branch
5000000,320000,1.0,16,16,1939743,branch
160000000,640000,0.0,1,1,2601602,branch
160000000,640000,0.05,1,1,5074449,branch
160000000,640000,0.1,1,1,7607834,branch
160000000,640000,0.15,1,1,10213268,branch
160000000,640000,0.2,1,1,12845869,branch
160000000,640000,0.25,1,1,15428353,branch
160000000,640000,0.3,1,1,17858513,branch
160000000,640000,0.35,1,1,20393337,branch
160000000,640000,0.4,1,1,22947004,branch
160000000,640000,0.45,1,1,25475318,branch
160000000,640000,0.5,1,1,27785286,branch
160000000,640000,0.55,1,1,30235856,branch
160000000,640000,0.6,1,1,32465199,branch
160000000,640000,0.65,1,1,34731360,branch
160000000,640000,0.7,1,1,36975351,branch
160000000,640000,0.75,1,1,39194811,branch
160000000,640000,0.8,1,1,41513874,branch
160000000,640000,0.85,1,1,43731028,branch
160000000,640000,0.9,1,1,46028209,branch
160000000,640000,0.95,1,1,48238309,branch
160000000,640000,1.0,1,1,50518423,branch
20000000,640000,0.0,8,1,1017900,branch
20000000,640000,0.0,8,2,1104066,branch
20000000,640000,0.0,8,4,1234423,branch
20000000,640000,0.0,8,8,1470784,branch
20000000,640000,0.05,8,1,1342781,branch
20000000,640000,0.05,8,2,1430755,branch
20000000,640000,0.05,8,4,1525666,branch
20000000,640000,0.05,8,8,1746576,branch
20000000,640000,0.1,8,1,1630961,branch
20000000,640000,0.1,8,2,1723563,branch
20000000,640000,0.1,8,4,1844912,branch
20000000,640000,0.1,8,8,2092094,branch
20000000,640000,0.15,8,1,1885876,branch
20000000,640000,0.15,8,2,1996889,branch
20000000,640000,0.15,8,4,2161649,branch
20000000,640000,0.15,8,8,2357010,branch
20000000,640000,0.2,8,1,2151701,branch
20000000,640000,0.2,8,2,2268252,branch
20000000,640000,0.2,8,4,2362857,branch
20000000,640000,0.2,8,8,2585261,branch
20000000,640000,0.25,8,1,2432136,branch
20000000,640000,0.25,8,2,2577861,branch
20000000,640000,0.25,8,4,2645651,branch
20000000,640000,0.25,8,8,2876168,branch
20000000,640000,0.3,8,1,2718876,branch
20000000,640000,0.3,8,2,2862914,branch
20000000,640000,0.3,8,4,2939173,branch
20000000,640000,0.3,8,8,3171865,branch
20000000,640000,0.35,8,1,3008336,branch
20000000,640000,0.35,8,2,3174135,branch
20000000,640000,0.35,8,4,3323389,branch
20000000,640000,0.35,8,8,3505739,branch
20000000,640000,0.4,8,1,3302667,branch
20000000,640000,0.4,8,2,3475306,branch
20000000,640000,0.4,8,4,3543105,branch
20000000,640000,0.4,8,8,3783934,branch
20000000,640000,0.45,8,1,3580695,branch
20000000,640000,0.45,8,2,3760517,branch
20000000,640000,0.45,8,4,3957939,branch
20000000,640000,0.45,8,8,4101946,branch
20000000,640000,0.5,8,1,3837953,branch
20000000,640000,0.5,8,2,4037910,branch
20000000,640000,0.5,8,4,4129046,branch
20000000,640000,0.5,8,8,4358050,branch
20000000,640000,0.55,8,1,4087473,branch
20000000,640000,0.55,8,2,4299720,branch
20000000,640000,0.55,8,4,4397525,branch
20000000,640000,0.55,8,8,4619694,branch
20000000,640000,0.6,8,1,4328442,branch
20000000,640000,0.6,8,2,4548961,branch
20000000,640000,0.6,8,4,4666351,branch
20000000,640000,0.6,8,8,4893065,branch
20000000,640000,0.65,8,1,4565812,branch
20000000,640000,0.65,8,2,4789867,branch
20000000,640000,0.65,8,4,4922560,branch
20000000,640000,0.65,8,8,5165557,branch
20000000,640000,0.7,8,1,4792639,branch
20000000,640000,0.7,8,2,5055445,branch
20000000,640000,0.7,8,4,5187455,branch
20000000,640000,0.7,8,8,5420520,branch
20000000,640000,0.75,8,1,5040515,branch
20000000,640000,0.75,8,2,5280401,branch
20000000,640000,0.75,8,4,5450173,branch
20000000,640000,0.75,8,8,5702475,branch
20000000,640000,0.8,8,1,5279859,branch
20000000,640000,0.8,8,2,5527917,branch
20000000,640000,0.8,8,4,5737577,branch
20000000,640000,0.8,8,8,5986036,branch
20000000,640000,0.85,8,1,5542430,branch
20000000,640000,0.85,8,2,5776881,branch
20000000,640000,0.85,8,4,5987374,branch
20000000,640000,0.85,8,8,6237594,branch
20000000,640000,0.9,8,1,5784972,branch
20000000,640000,0.9,8,2,6031264,branch
20000000,640000,0.9,8,4,6272219,branch
20000000,640000,0.9,8,8,6515624,branch
20000000,640000,0.95,8,1,6023920,branch
20000000,640000,0.95,8,2,6322292,branch
20000000,640000,0.95,8,4,6542414,branch
20000000,640000,0.95,8,8,6808783,branch
20000000,640000,1.0,8,1,6265460,branch
20000000,640000,1.0,8,2,6587685,branch
20000000,640000,1.0,8,4,6821072,branch
20000000,640000,1.0,8,8,7071530,branch
10000000,640000,0.0,16,1,932968,branch
10000000,640000,0.0,16,2,971433,branch
10000000,640000,0.0,16,4,1036330,branch
10000000,640000,0.0,16,8,1153155,branch
10000000,640000,0.0,16,16,1398394,branch
10000000,640000,0.05,16,1,1066907,branch
10000000,640000,0.05,16,2,1101016,branch
10000000,640000,0.05,16,4,1148658,branch
10000000,640000,0.05,16,8,1287690,branch
10000000,640000,0.05,16,16,1559080,branch
10000000,640000,0.1,16,1,1249120,branch
10000000,640000,0.1,16,2,1317470,branch
10000000,640000,0.1,16,4,1343970,branch
10000000,640000,0.1,16,8,1453557,branch
10000000,640000,0.1,16,16,1683554,branch
10000000,640000,0.15,16,1,1395091,branch
10000000,640000,0.15,16,2,1476896,branch
10000000,640000,0.15,16,4,1497132,branch
10000000,640000,0.15,16,8,1609347,branch
10000000,640000,0.15,16,16,1835833,branch
10000000,640000,0.2,16,1,1525030,branch
10000000,640000,0.2,16,2,1610708,branch
10000000,640000,0.2,16,4,1627163,branch
10000000,640000,0.2,16,8,1739424,branch
10000000,640000,0.2,16,16,1969870,branch
10000000,640000,0.25,16,1,1654255,branch
10000000,640000,0.25,16,2,1741066,branch
10000000,640000,0.25,16,4,1762081,branch
10000000,640000,0.25,16,8,1877315,branch
10000000,640000,0.25,16,16,2110484,branch
10000000,640000,0.3,16,1,1785053,branch
10000000,640000,0.3,16,2,1874445,branch
10000000,640000,0.3,16,4,1906670,branch
10000000,640000,0.3,16,8,2021193,branch
10000000,640000,0.3,16,16,2270441,branch
10000000,640000,0.35,16,1,1919915,branch
10000000,640000,0.35,16,2,2010446,branch
10000000,640000,0.35,16,4,2038645,branch
10000000,640000,0.35,16,8,2153072,branch
10000000,640000,0.35,16,16,2399269,branch
10000000,640000,0.4,16,1,2054032,branch
10000000,640000,0.4,16,2,2142261,branch
10000000,640000,0.4,16,4,2175702,branch
10000000,640000,0.4,16,8,2295683,branch
10000000,640000,0.4,16,16,2551523,branch
10000000,640000,0.45,16,1,2186484,branch
10000000,640000,0.45,16,2,2277742,branch
10000000,640000,0.45,16,4,2318731,branch
10000000,640000,0.45,16,8,2431059,branch
10000000,640000,0.45,16,16,2680139,branch
10000000,640000,0.5,16,1,2320599,branch
10000000,640000,0.5,16,2,2405987,branch
10000000,640000,0.5,16,4,2455677,branch
10000000,640000,0.5,16,8,2567173,branch
10000000,640000,0.5,16,16,2820043,branch
10000000,640000,0.55,16,1,2440172,branch
10000000,640000,0.55,16,2,2543022,branch
10000000,640000,0.55,16,4,2588474,branch
10000000,640000,0.55,16,8,2724012,branch
10000000,640000,0.55,16,16,2932377,branch
10000000,640000,0.6,16,1,2561290,branch
10000000,640000,0.6,16,2,2668966,branch
10000000,640000,0.6,16,4,2708870,branch
10000000,640000,0.6,16,8,2830101,branch
10000000,640000,0.6,16,16,3066197,branch
10000000,640000,0.65,16,1,2687453,branch
10000000,640000,0.65,16,2,2854141,branch
10000000,640000,0.65,16,4,2862141,branch
10000000,640000,0.65,16,8,2951330,branch
10000000,640000,0.65,16,16,3231755,branch
10000000,640000,0.7,16,1,2802192,branch
10000000,640000,0.7,16,2,2939340,branch
10000000,640000,0.7,16,4,3014744,branch
10000000,640000,0.7,16,8,3118536,branch
10000000,640000,0.7,16,16,3357676,branch
10000000,640000,0.75,16,1,2919209,branch
10000000,640000,0.75,16,2,3057418,branch
10000000,640000,0.75,16,4,3095597,branch
10000000,640000,0.75,16,8,3201810,branch
10000000,640000,0.75,16,16,3460422,branch
10000000,640000,0.8,16,1,3025785,branch
10000000,640000,0.8,16,2,3166812,branch
10000000,640000,0.8,16,4,3209784,branch
10000000,640000,0.8,16,8,3328906,branch
10000000,640000,0.8,16,16,3577301,branch
10000000,640000,0.85,16,1,3137872,branch
10000000,640000,0.85,16,2,3283701,branch
10000000,640000,0.85,16,4,3347995,branch
10000000,640000,0.85,16,8,3474607,branch
10000000,640000,0.85,16,16,3719909,branch
10000000,640000,0.9,16,1,3243041,branch
10000000,640000,0.9,16,2,3388189,branch
10000000,640000,0.9,16,4,3452948,branch
10000000,640000,0.9,16,8,3588983,branch
10000000,640000,0.9,16,16,3834919,branch
10000000,640000,0.95,16,1,3351499,branch
10000000,640000,0.95,16,2,3501231,branch
10000000,640000,0.95,16,4,3579569,branch
10000000,640000,0.95,16,8,3708290,branch
10000000,640000,0.95,16,16,3953237,branch
10000000,640000,1.0,16,1,3480364,branch
10000000,640000,1.0,16,2,3641017,branch
10000000,640000,1.0,16,4,3706030,branch
10000000,640000,1.0,16,8,3843112,branch
10000000,640000,1.0,16,16,4087982,branch
320000000,1280000,0.0,1,1,5334400,branch
320000000,1280000,0.05,1,1,10321725,branch
320000000,1280000,0.1,1,1,15915577,branch
320000000,1280000,0.15,1,1,21085156,branch
320000000,1280000,0.2,1,1,26303498,branch
320000000,1280000,0.25,1,1,31401088,branch
320000000,1280000,0.3,1,1,36493815,branch
320000000,1280000,0.35,1,1,41629661,branch
320000000,1280000,0.4,1,1,46828701,branch
320000000,1280000,0.45,1,1,51760929,branch
320000000,1280000,0.5,1,1,56582634,branch
320000000,1280000,0.55,1,1,61591998,branch
320000000,1280000,0.6,1,1,66172268,branch
320000000,1280000,0.65,1,1,70452362,branch
320000000,1280000,0.7,1,1,74932507,branch
320000000,1280000,0.75,1,1,79531198,branch
320000000,1280000,0.8,1,1,84099316,branch
320000000,1280000,0.85,1,1,88730900,branch
320000000,1280000,0.9,1,1,93462030,branch
320000000,1280000,0.95,1,1,98212702,branch
320000000,1280000,1.0,1,1,102750575,branch
40000000,1280000,0.0,8,1,2041594,branch
40000000,1280000,0.0,8,2,2204361,branch
40000000,1280000,0.0,8,4,2474421,branch
40000000,1280000,0.0,8,8,2947944,branch
40000000,1280000,0.05,8,1,2742774,branch
40000000,1280000,0.05,8,2,2930886,branch
40000000,1280000,0.05,8,4,3116374,branch
40000000,1280000,0.05,8,8,3553764,branch
40000000,1280000,0.1,8,1,3330893,branch
40000000,1280000,0.1,8,2,3542094,branch
40000000,1280000,0.1,8,4,3759489,branch
40000000,1280000,0.1,8,8,4185751,branch
40000000,1280000,0.15,8,1,3898557,branch
40000000,1280000,0.15,8,2,4125857,branch
40000000,1280000,0.15,8,4,4311498,branch
40000000,1280000,0.15,8,8,4747857,branch
40000000,1280000,0.2,8,1,4476163,branch
40000000,1280000,0.2,8,2,4745760,branch
40000000,1280000,0.2,8,4,4894409,branch
40000000,1280000,0.2,8,8,5350693,branch
40000000,1280000,0.25,8,1,5070489,branch
40000000,1280000,0.25,8,2,5342470,branch
40000000,1280000,0.25,8,4,5503628,branch
40000000,1280000,0.25,8,8,5963733,branch
40000000,1280000,0.3,8,1,5710229,branch
40000000,1280000,0.3,8,2,6040315,branch
40000000,1280000,0.3,8,4,6146449,branch
40000000,1280000,0.3,8,8,6636507,branch
40000000,1280000,0.35,8,1,6314224,branch
40000000,1280000,0.35,8,2,6667787,branch
40000000,1280000,0.35,8,4,6778866,branch
40000000,1280000,0.35,8,8,7291078,branch
40000000,1280000,0.4,8,1,6931330,branch
40000000,1280000,0.4,8,2,7297132,branch
40000000,1280000,0.4,8,4,7440529,branch
40000000,1280000,0.4,8,8,7963815,branch
40000000,1280000,0.45,8,1,7509579,branch
40000000,1280000,0.45,8,2,7910528,branch
40000000,1280000,0.45,8,4,8036043,branch
40000000,1280000,0.45,8,8,8480630,branch
40000000,1280000,0.5,8,1,8055008,branch
40000000,1280000,0.5,8,2,8472855,branch
40000000,1280000,0.5,8,4,8649259,branch
40000000,1280000,0.5,8,8,9079168,branch
40000000,1280000,0.55,8,1,8573900,branch
40000000,1280000,0.55,8,2,9042497,branch
40000000,1280000,0.55,8,4,9218326,branch
40000000,1280000,0.55,8,8,9652704,branch
40000000,1280000,0.6,8,1,9035865,branch
40000000,1280000,0.6,8,2,9564518,branch
40000000,1280000,0.6,8,4,9740711,branch
40000000,1280000,0.6,8,8,10307953,branch
40000000,1280000,0.65,8,1,9559596,branch
40000000,1280000,0.65,8,2,10031018,branch
40000000,1280000,0.65,8,4,10366233,branch
40000000,1280000,0.65,8,8,10776312,branch
40000000,1280000,0.7,8,1,10048786,branch
40000000,1280000,0.7,8,2,10522678,branch
40000000,1280000,0.7,8,4,10840374,branch
40000000,1280000,0.7,8,8,11295898,branch
40000000,1280000,0.75,8,1,10542847,branch
40000000,1280000,0.75,8,2,11028609,branch
40000000,1280000,0.75,8,4,11425503,branch
40000000,1280000,0.75,8,8,11860597,branch
40000000,1280000,0.8,8,1,11042775,branch
40000000,1280000,0.8,8,2,11540360,branch
40000000,1280000,0.8,8,4,12028459,branch
40000000,1280000,0.8,8,8,12491414,branch
40000000,1280000,0.85,8,1,11549259,branch
40000000,1280000,0.85,8,2,12105819,branch
40000000,1280000,0.85,8,4,12508867,branch
40000000,1280000,0.85,8,8,13001708,branch
40000000,1280000,0.9,8,1,12051584,branch
40000000,1280000,0.9,8,2,12579338,branch
40000000,1280000,0.9,8,4,13076571,branch
40000000,1280000,0.9,8,8,13583354,branch
40000000,1280000,0.95,8,1,12551909,branch
40000000,1280000,0.95,8,2,13104945,branch
40000000,1280000,0.95,8,4,13698817,branch
40000000,1280000,0.95,8,8,14149697,branch
40000000,1280000,1.0,8,1,13124197,branch
40000000,1280000,1.0,8,2,13650238,branch
40000000,1280000,1.0,8,4,14213127,branch
40000000,1280000,1.0,8,8,14721189,branch
20000000,1280000,0.0,16,1,1870315,branch
20000000,1280000,0.0,16,2,1980513,branch
20000000,1280000,0.0,16,4,2079539,branch
20000000,1280000,0.0,16,8,2305205,branch
20000000,1280000,0.0,16,16,2794974,branch
20000000,1280000,0.05,16,1,2155559,branch
20000000,1280000,0.05,16,2,2217932,branch
20000000,1280000,0.05,16,4,2319729,branch
20000000,1280000,0.05,16,8,2541862,branch
20000000,1280000,0.05,16,16,3294422,branch
20000000,1280000,0.1,16,1,2553129,branch
20000000,1280000,0.1,16,2,2692090,branch
20000000,1280000,0.1,16,4,2742371,branch
20000000,1280000,0.1,16,8,2962623,branch
20000000,1280000,0.1,16,16,3419711,branch
20000000,1280000,0.15,16,1,2853797,branch
20000000,1280000,0.15,16,2,3017213,branch
20000000,1280000,0.15,16,4,3053375,branch
20000000,1280000,0.15,16,8,3273933,branch
20000000,1280000,0.15,16,16,3733540,branch
20000000,1280000,0.2,16,1,3129321,branch
20000000,1280000,0.2,16,2,3326619,branch
20000000,1280000,0.2,16,4,3351436,branch
20000000,1280000,0.2,16,8,3573998,branch
20000000,1280000,0.2,16,16,4053961,branch
20000000,1280000,0.25,16,1,3401868,branch
20000000,1280000,0.25,16,2,3579047,branch
20000000,1280000,0.25,16,4,3623983,branch
20000000,1280000,0.25,16,8,3854234,branch
20000000,1280000,0.25,16,16,4375433,branch
20000000,1280000,0.3,16,1,3677009,branch
20000000,1280000,0.3,16,2,3857916,branch
20000000,1280000,0.3,16,4,3902782,branch
20000000,1280000,0.3,16,8,4133333,branch
20000000,1280000,0.3,16,16,4614380,branch
20000000,1280000,0.35,16,1,3955124,branch
20000000,1280000,0.35,16,2,4158565,branch
20000000,1280000,0.35,16,4,4207191,branch
20000000,1280000,0.35,16,8,4435669,branch
20000000,1280000,0.35,16,16,4918893,branch
20000000,1280000,0.4,16,1,4237012,branch
20000000,1280000,0.4,16,2,4428466,branch
20000000,1280000,0.4,16,4,4508801,branch
20000000,1280000,0.4,16,8,4723370,branch
20000000,1280000,0.4,16,16,5220826,branch
20000000,1280000,0.45,16,1,4531231,branch
20000000,1280000,0.45,16,2,4716818,branch
20000000,1280000,0.45,16,4,4790001,branch
20000000,1280000,0.45,16,8,5076172,branch
20000000,1280000,0.45,16,16,5498355,branch
20000000,1280000,0.5,16,1,4816445,branch
20000000,1280000,0.5,16,2,5006536,branch
20000000,1280000,0.5,16,4,5098404,branch
20000000,1280000,0.5,16,8,5305372,branch
20000000,1280000,0.5,16,16,5799577,branch
20000000,1280000,0.55,16,1,5094201,branch
20000000,1280000,0.55,16,2,5313975,branch
20000000,1280000,0.55,16,4,5370470,branch
20000000,1280000,0.55,16,8,5580786,branch
20000000,1280000,0.55,16,16,6048821,branch
20000000,1280000,0.6,16,1,5350155,branch
20000000,1280000,0.6,16,2,5583646,branch
20000000,1280000,0.6,16,4,5648557,branch
20000000,1280000,0.6,16,8,5850734,branch
20000000,1280000,0.6,16,16,6328591,branch
20000000,1280000,0.65,16,1,5607994,branch
20000000,1280000,0.65,16,2,5855944,branch
20000000,1280000,0.65,16,4,5924180,branch
20000000,1280000,0.65,16,8,6120129,branch
20000000,1280000,0.65,16,16,6675576,branch
20000000,1280000,0.7,16,1,5853641,branch
20000000,1280000,0.7,16,2,6113259,branch
20000000,1280000,0.7,16,4,6165367,branch
20000000,1280000,0.7,16,8,6392404,branch
20000000,1280000,0.7,16,16,6849310,branch
20000000,1280000,0.75,16,1,6082386,branch
20000000,1280000,0.75,16,2,6360885,branch
20000000,1280000,0.75,16,4,6437551,branch
20000000,1280000,0.75,16,8,6650891,branch
20000000,1280000,0.75,16,16,7135326,branch
20000000,1280000,0.8,16,1,6313171,branch
20000000,1280000,0.8,16,2,6601367,branch
20000000,1280000,0.8,16,4,6687624,branch
20000000,1280000,0.8,16,8,6911561,branch
20000000,1280000,0.8,16,16,7404804,branch
20000000,1280000,0.85,16,1,6544758,branch
20000000,1280000,0.85,16,2,6856188,branch
20000000,1280000,0.85,16,4,6941752,branch
20000000,1280000,0.85,16,8,7209009,branch
20000000,1280000,0.85,16,16,7690439,branch
20000000,1280000,0.9,16,1,6805121,branch
20000000,1280000,0.9,16,2,7109297,branch
20000000,1280000,0.9,16,4,7210475,branch
20000000,1280000,0.9,16,8,7463757,branch
20000000,1280000,0.9,16,16,7941578,branch
20000000,1280000,0.95,16,1,7021648,branch
20000000,1280000,0.95,16,2,7318854,branch
20000000,1280000,0.95,16,4,7504366,branch
20000000,1280000,0.95,16,8,7739727,branch
20000000,1280000,0.95,16,16,8225604,branch
20000000,1280000,1.0,16,1,7247453,branch
20000000,1280000,1.0,16,2,7640601,branch
20000000,1280000,1.0,16,4,7745684,branch
20000000,1280000,1.0,16,8,8014285,branch
20000000,1280000,1.0,16,16,8533880,branch
